/*
Navicat MySQL Data Transfer

Source Server         : MYSQL
Source Server Version : 50505
Source Host           : localhost:3306
Source Database       : maui_db

Target Server Type    : MYSQL
Target Server Version : 50505
File Encoding         : 65001

Date: 2024-05-22 12:37:08
*/

SET FOREIGN_KEY_CHECKS=0;

-- ----------------------------
-- Table structure for dosis
-- ----------------------------
DROP TABLE IF EXISTS `dosis`;
CREATE TABLE `dosis` (
  `Id_dosis` int(11) NOT NULL AUTO_INCREMENT,
  `Id_paciente` int(11) DEFAULT NULL,
  `Id_medicamento` int(11) DEFAULT NULL,
  `Detalle_dosis` varchar(255) DEFAULT NULL,
  `Duracion` varchar(255) DEFAULT NULL,
  `Frecuencia` varchar(255) DEFAULT NULL,
  `Hora` varchar(255) DEFAULT NULL,
  `Estado_dosis` char(255) DEFAULT 'A',
  PRIMARY KEY (`Id_dosis`),
  KEY `FK_PECINETE_DOSIS` (`Id_paciente`),
  KEY `FK_MEDICAMENTO_DOSIS` (`Id_medicamento`),
  CONSTRAINT `FK_MEDICAMENTO_DOSIS` FOREIGN KEY (`Id_medicamento`) REFERENCES `medicamento` (`Id_medicamento`),
  CONSTRAINT `FK_PECINETE_DOSIS` FOREIGN KEY (`Id_paciente`) REFERENCES `paciente` (`Id_paciente`)
) ENGINE=InnoDB AUTO_INCREMENT=5 DEFAULT CHARSET=utf8mb4 COLLATE=utf8mb4_general_ci;

-- ----------------------------
-- Records of dosis
-- ----------------------------
INSERT INTO `dosis` VALUES ('1', '1', '1', '2 tabletas cada dia', '4', '4', '12', 'A');
INSERT INTO `dosis` VALUES ('2', '1', '2', '1 cucharada despues de la comida', '2', '5', '12', 'A');
INSERT INTO `dosis` VALUES ('3', '6', '3', null, '4', '11', '12', 'I');
INSERT INTO `dosis` VALUES ('4', '6', '4', null, '2', '3', '12/03/2024', 'A');

-- ----------------------------
-- Table structure for horario_dosis
-- ----------------------------
DROP TABLE IF EXISTS `horario_dosis`;
CREATE TABLE `horario_dosis` (
  `Id_dosis_time` int(11) NOT NULL AUTO_INCREMENT,
  `Id_dosis` int(11) DEFAULT NULL,
  `Id_dias` int(11) DEFAULT NULL,
  `Horario_dosis_time` time DEFAULT NULL,
  PRIMARY KEY (`Id_dosis_time`),
  KEY `FK_DOSIS_HORARIOS` (`Id_dosis`),
  CONSTRAINT `FK_DOSIS_HORARIOS` FOREIGN KEY (`Id_dosis`) REFERENCES `dosis` (`Id_dosis`)
) ENGINE=InnoDB AUTO_INCREMENT=3 DEFAULT CHARSET=utf8mb4 COLLATE=utf8mb4_general_ci;

-- ----------------------------
-- Records of horario_dosis
-- ----------------------------
INSERT INTO `horario_dosis` VALUES ('1', '1', null, '15:01:57');
INSERT INTO `horario_dosis` VALUES ('2', '2', null, '19:02:03');

-- ----------------------------
-- Table structure for medicamento
-- ----------------------------
DROP TABLE IF EXISTS `medicamento`;
CREATE TABLE `medicamento` (
  `Id_medicamento` int(11) NOT NULL AUTO_INCREMENT,
  `Nombre_medicamento` varchar(100) DEFAULT NULL,
  `Presentacion_medicamento` varchar(100) DEFAULT NULL,
  `UniMedida_medicamento` varchar(50) DEFAULT NULL,
  `Detalle_medicamento` varchar(255) DEFAULT NULL,
  `Dosis_medicina` varchar(255) DEFAULT NULL,
  `Estado_medicina` char(255) DEFAULT 'A',
  `foto_medicina` blob DEFAULT NULL,
  PRIMARY KEY (`Id_medicamento`)
) ENGINE=InnoDB AUTO_INCREMENT=5 DEFAULT CHARSET=utf8mb4 COLLATE=utf8mb4_general_ci;

-- ----------------------------
-- Records of medicamento
-- ----------------------------
INSERT INTO `medicamento` VALUES ('1', 'Medicamento 1', 'capsulas', 'uniidades', null, null, 'A', 0x646174613A696D6167652F6A7065673B6261736536342C2F396A2F34414151536B5A4A5267414241514141415141424141442F3277434541416B474278495445425552454241534652555847426F514552455345684157474249584652495746685558457855594853676847426F6C48525557495445694A5338724C6934754743417A4F4467764E7A51744C69734243676F4B4467304F477841514779306D494359324C7938764C5330764C7930744C5334744E5330314C5330314C5330744C7A55744C5330744C5330744C5330744C7930744C5330744C5330744C5330744C5330744C662F4141424549414F454134514D4245514143455145444551482F784141624141454141674D42415141414141414141414141414141414241554341775942422F2F4541455551414149424167514442514D494267634A414141414141414241674D52424249684D51564255515954496E47424D6D475246444E43556E4B687364455649324B79776641484A44524467714C784668645459334F446B7250682F38514147774542414149444151454141414141414141414141414141414544416751464267662F7841413545514541416745434177514842774D4442514141414141414151495241775153495445465156467845794979595A4768735159554D3448423066416A556E4A436F7249564675486938662F61414177444151414345514D52414438412B346741414141414141414141414141414141414141414141414141414141414141414141414141414141414141414141414141414141414141414141414141414141414141414141414141414141414141414141414141414141414141414141414141414141414141414141414141414141414141414141414141414141414141414141414141414141414141414141414141414141414141414141414141414141414141414141414141414141414141414141414141414141414141414141414141414141414141414141414141414142684B7246627958785147697078436D74352F425366344959526C7066474B6630564F586C48383745344D735878535830614D765670666D4D4757483651713834516A3579754D497931543468553173307264466638554D475772355A506E4B543956483843634757715665662B7370502F414547424C772F454B693971306C36332B4F372B41775A574E4447526C7337506F3950683149776E4B51516B4141414141414141414141414141414141492B4971572B6C6272734A6D496A4D6F5261726131633566462F774A7768476452583576336A413175612B712F384179304A486E656449522B4148766653747039795877313259774E626B33752F3538795163556E722F41443539514354364E2B536633574947536F5376374D7265692B4C59794D75346C7634622B397254345847594D4D6C51367A6A3652622F496A4A675642633579667555597238786C4F45334356737668764B58326D6E623769425942494141414141414141414141414141414167343246377836713378566965474C5269656B6F7A696375633466784F63456C4C78523578664C795A3462613970376A59336E53743631596E474A393368506439485831647654566A696A6C4D72616E557031466545764F4D75562F774451396473392F6F37757646707A3036785057484D3164472B6E4F4C50653653326B722B3636756265565746563259346C387077736138714E5369354F53644F536161744A70617953646D72505A626D6570455674694A79524331536A39562B722F41434D4D70776166565872642F69526D544433503073764A494A65756236763467597467414141445A51397065612F454332414141414141414141414141414141414149574A66696638386959524C6A75494A786C56696E5A7170612F54764A4B532B366150433972614D5533397378796E31766C7A2B65585A3274754C53684D375079626A4C4E766F6E3658312B466E366E532B7A38524772717848544566716F33335371796E695952766D6E474F564B5573306B73716B326F74333254635776526E714D4F6331564F4B556F7A6C435537536934715630393532793235744F2B2B323676644F7A686B79672F375330484A526935764E6B55486B6B6B2B386C55533064706164314A37573236693162593545544865755751414141414141414E6C44326C35675777414141414141414141414141414141414241785438542F6E6B5443484C3862702F723570615A36634A702F74786C4B4C666F6F307A79763269707736756C712B36596E38762F414C4C70624333717A582B667A6B32396E6F79536B703737366375535833452F5A2B315A3174546836596A367962373261742B50346268366B6D71327271526A536C42315A7856534D584A7857564E58397558785055784D783063357657486F567374624C54714B5355366452705454545634796733644A4E6331754D7A4849624B74536C546A6D6C4B6E546974484B5468424A4A58336532697636446E493166705368344C566F507645703038737332654464733663622B4439725A6452695241782F4856336438504363707556474D564B6D342B47765655493149716F344B5333533157747232526C4666456554375252536E6C67366E64717170536A4A664F59654D334E54535437754C6C546C4653623374705A7074776A327078577370716A4B4E4B45355370714D30355649516A5668576C346B387435586F5369746C656366496A454364776A46537155564F65584E6D6E4279696D6F7A3775724B436E464E75305A4B4B6B745837573733496D4D534A68414E325632374A617476524A4C647467556C48693366314964302F7742526D6A61662F483853316A2F79756A2B6C76375074634C744474506831363762536E6E7852785434632B6E372F41413863627568742F556D397643636675375537725341414141414141414141414141414141466469704C764772363254743769554F66375352745577382B7271555057554655582F7066784F4A396F4E4C6A3266462F624D54386558367732396A6247706A78686E776C2B4B586C2F45355832626E2B766550642B725A33337352356D4E63566A4D4B3872622F57527A4B45705A55344B326153586856317A7365786A704C6D4B48686E444B71773849557164654D6F34587536736173716B56557252644A306F77565232307956466457696C4A4C79796D656145374655717A715272664A306E4C457771777031616B66436F344B705462717A70716167302B6D5A62613636526D496A6E496D634F345A4743616E4F4C7A78717871526866523173525572535558766C58654F4B30354655376A546E706150717A3948627765307546707064375671564A523770526B6F4B466C6836717177767962636B737A35323053493950482B6D4A2B452F726734504757797268614D484C4D707056484E756B3674544A4A31506E4771555730334C4D2B57387272566A306D70505376786D503079634D654C4B70586F5369334A556E4756716372303554553144574E316C3855566E756E74347665503676756A347A2B783676762F6E78544D4C566A4B4B634E746C345848626130587372574D6F69596A6E31524F4F35713472784B6A68715472596970476E434F37664E386F7853316C4A386B74544F745A744F49513553746961324F385661457157463368685A653357365378585350536E7439612B78357A745874714B5A30647450507674486437712F76385046304E76746639562F67747346383544375566336B65613276342B6E2F414A523959622B7037452B557535506F7A6741414141414141414141414141414141436C346E38387233325837384E2F35362B737768573971312F56314E4C5746576C5079547178707A667043704D31642F70656C3275705433543875636652626F5734645773745043704E7A6B6C70614F3976656A792F326569665432785057732F4B596444653434497A347254492F72532F7972384565743948506661666C2B7A6D38556545504F375876395A532F4D65697233352B4D2F7563632F794965716E4836712B4345614F6E484F4B7838446A743473376C6A4575424778654268556C4355723368664930306D72355865397573552F516D4A774D3648443663566C6A4257364F3733793661387644485433444D6A6D754D397271474666795442552F6C4F4A7537554B54384E4E74336272564E6F323572667262636D383130365471367475477364382F7A6D6D745A744F4B77724D467765724F71735878476F713249587A634576314F477672616A44722B30396446356E6A2B302B334C62694A3064443161664F336E3452377669366D333273553961334F666F756D7A67524463627344383544375566336B5837583866542F77416F2B734D6454324C65557535506F7A6741414141414141414141414141414141436D346A42642F463276345774723231673179303236725A61506C4B454C744851645442596945666164476F6F50704C4933462F47786C57496D6354305245343571504138546A43644F6261554B72703037765A4F71705A4E66664C4976553864324453616275314F2B497448776D7272627A6E705A64504A48726E4C6541414147555967555861447468673848645661716C5558397A53744B642F327462512F784E466C4E4B312B67354776784C6950457446664259563735623937566A39725232667579725836527A7437327674646E36746658763452306A7A6E394F766B32644C6133767A6E6C4333345077616868595A4B45457672546573702F616C2F445A486A4E3776746665583439613266434F36504B50354C7161656C58546A465954726D6D7377424C6667666E4966616A2B38693762666A366638416C4831686A71657862796C334A394765664141414141414141414141414141414146466A2F774330616575326C344C6654396A7238644C5433496231473673396E6F2F556C44354A7862437A6E775252696D355571644737692F462F563675576256746270526239447A657974545137627678386F6D6266377354487879365772467262614D65354D374C6630705137754E5069455A4B5356766C464F4F5A54747A715157716C3734337630523637563273357A527A49743475747064732B477956316A714B2B30355266776B6B7A5839447165444C4D4E474B3766634D687669314C335534565A2F656F322B386D4E44556E754D7735336958394C644661595843314A765A5371796A4250796A484D33356146306257657470527865437271596E6A4F502B6371664A714C336A464F6C64665A583679586B326B6376646473624461386F6E6A7434527A2B665436793264506136742B764B46727754736E687350615758766169317A314574482B7A445A656572393535626664753772645A7245384E664350316E7638416C487564485332744B632B7372397A75636149624F416E4358715243577574577338735975557258797070575856766B5736656C785278576E45654C475A536546316331564B7A546A4F4B6166327448354D743064506831394F6335695A72395959366E7354355337732B6775414141414746576F6F7863704E4B4B546C4B54615353537532337951484C307636524F487561693674534B6279717255772B496854662F41484A5253533937736A474C316D63524B32644855694D7A57634F707031464A4B55576D6D727153616161657A5457364D6C5449414141414141414142523855692F6C455862773962587338737561315854585458666B35376B4E30416877505A7164716457503161324A683652786C583830654D3764726A65583938562F34782B7A7362586E70565666452B784746717963344F64475431617035584276726B6130394C46757A2B307538323959706646346A78362F47503169574F7073744F38356A6C354B7A2F6476472F77446133622F6F712F373530663841752B325077663841642F3671662B6E522F636D59622B6A2F41416B58657055725650646D6A4266355666377A5631767456764C3871567258347A507A6E487957563750303436356C663444686D486F664D55495165325A4B386E357A65722B4A784E7A76747A756678727A5075377668484A7430306155396D4D4A546D616D466A79356C435764795A6A6B50597A497A684F47635752476264456F4664577174754E52715676596C4A576153306B6B2F6362566254364F497A4554486A48307959796B38486A6B6C6E636375735A5A4C3363597864374E766476566C314A74625570624F59724D544D2B5050755932704D316D4964687733744451725437754D6E47664B46525A584E64595061586F37726E5939726F36394E574D312B4865346D74747454526E316F2F5075633378766A65506C586D734C5577394F6C42756D6C4B6C4B704F636F7471546B38795556644E4A4C58533939624C563175304B616435706A6F327444596364597461635A5A384B3763536A344D665379765A56364D5A756D2F74516435512F7A4C336C326C757161694E62732B39497A57637556726344772B4B6C3339584E4B75336D64576335755557396251313843584A52736B6332323731754C4F58552B35615649345A726C62303676454B564B64436453466569343562314A7156574330326E2F4148693670335A737A755A7453316264634E577532306F316133726E716A34577453724B4B6E5A70364E717A3837484E697642614D386E55764578457A566C51727268304A5638504F704B6E4633713461556C33636C4A32626A6F386B37752B6D397454706254637A4E6F704C6B377A62784E5A766A47485A38433757345446517A5536305974653154714E516E432F564E36723371364F704D596364654A333152413941414141414142487847475574566F2F784168716D30374D6C44357832567171554B736C66785638564F4C354F4C7855755A3544375152503379664B762F475857326634554C5A49344C634359474535706174706562534A69737A304771654B6774584A6270616136765A61466B614E3535594D744D73664731307053364A4A582B467A4F4E74624F4A6D494D76506C4D337453747065386E612B326C6E62346B2B693036396266413579333456314A4A336A643330554535615739337149304C586E2B6C457A2B544C6C4874636B794F437257636E536C474B3163716D5743586E6E614E694F79747A4E63384F504F596A367350543655546A697A35632F6F3079784555374A7153535633472B6A666D5736577A6E543972452B584E64702B76457436704B5563305A7831327675762F68644F32726576504447655534777271324A6E437061626A76706C32613557366B32304B306E465A58364D524E634A4C6A516E4664354276573876466137766F313061366D786F33697352317A4447394E546E586C6853667043564B724F4D737A696E704F376C4A3331626E31626262755861744F4F6550766C6E70566A484279354C395939754D624F4C76473330647464475934314934634B35307163334D5570566C57716433467A686E6274305632316C664A462B72707846593470784B796D7248535677386275387339467A61747472646F783039434C587A45386D46375971724F443846714C395970754476733476786158546166346D65356D4B546961354B617559786C4A346C5272546F7A7050584E7634483474623778542F4149466D3031744B733855386D7675394B327058465A59634B34486831516A47725267353238626C464E3339534E7A72366E485044616349322B3370576B5A7247566C77764131384E5A344C474B45482F63564C7A706238342F513834574D744C65576A48464D4B39626136647334724D6554752B41635656656E3473697178384E616C43616C6B6162536656526B7253562B545230744F3858727851354774705470336D73724D7A56414141414141616358517A776C444E4B4F5A4F4B6E43796C473674654C6161545167634E6775796E79436A436C42756349526C46565774586E6B35504F6C733732504A64746147342B38573137633657384F376C694D2B4830645461366C4A704649367768596E43564B716833546D6E47616E4C4A6D3853536434745258695775326D794F62744B7A6D302B6A6D32596D4F6D65666A3776506D32395445645A773234487378694F36554833736E65376D336B6673705053556E76613739375A3062625064617570783130635234546A2F7835644F6D464870744B73596D79777776597961336C46622B314B54666933305358346D78485A47367637567178355A6E6F776E65615564496D5668682B78314F4F382F534549727231763166784E69765963542B4A7154506C792F64564F2F2F414C6170394873336834377155764F625833527362564F787470587258506E4D71726233566E704F5079546158444B4D665A6F302F504B6D2F693954633039706F6166733069507968546258314C6462536C4A644459564D61314B4D6F754D6B6D6E6F302B5A457845786955784D784F59635A782F73704A586E686D327433426530764C363639322F6D6372583750785046702F44396E5832652F7245343150696F6B716B594C4E546B39374F446A725A32315461737A582B37336D4D34645430756E4D38704B6D476A4B703437714B566B2F65756E76314931644867786C5654556D6564572F35484F4D556F586E464F2B5A4A4E725836536638414156785064794A314A6D6566566F777545576154717739726C4A5061373139356672786D73545756656E4D7A4F50424A2F526358346F53677263704A332F7774464F6E653165637A305A327433544856726846554E484B46706174724E723970765A2F6357613031317359384561565A3535793275564753626E4235757162586F37626D72573342796A71736E547634386B484759794E4B5565376A4A5264394C363356727464545A693836767265436161664448444C62682B4D356F654770473139704F7A54386D61387866474F356E625272786334357133692B4E71643470786D3364617957716254652F55327155744E4D3237324E5A72576359364E2B46784E56776A6D6F7474383479696B39656B6E6F567A746259354D72616C4D7A695850385477654D654C6458443071796E6F723046556B34325358747758754F31743663476E46586D3935616261733266544F77755034704E7548454D5061436A654F496B34526D355853555A553039644733657932356C73346172735446494141414141426F41674141414141414141414374347077616E57562F596E396550503753352F69595770466C326C723270354F4D347A77327652316E484E48614C5873753736386E352F65632F633665704D596D4D78347572744E616B327A45343855504338527970724E6B656C347A64722B54356D6A4D57713656744F4C63385A6173586A484A4A39347270325469373230665438437A526938356C586574617A694961614657723473314E7A576C70516362753731756D784F3274624E6C6E7064506C4553313432376847394E787537705373322B584C59733074764E6138324674534A74796C4B3458776975347675315773396B36546132657A61304C6F3266464372553331496D4D7A48355373716E5937453146472B566458556B6C3846424D76707465477549616C75304E50696D63667A383170672B784B556256616B487A384E4E644C65314C3869324E43754D533137646F327A3673664E592F374934567538347A6C7973354E4C54374E6A5030565042722F666462756C5A5958684E436D6B6F55594B32326C327656366D6352456446467457397573796D6F6C67414141414141414141414141414141414141414141386C464E576175746D6E7A4171635632656F7A756B6E4650573063746C626F6D6E62304D4A30367A3168735533577254704C5175795747736C4B4D6D6C743473763771526A36476D4D595A7A7674615A7A6E2B666D6C5966732F686F657A5358724B6376785A6C464B783068566263367475746B2B6A683452396945592F5A696C2B426D716D5A6E7132684141414141414141414141414141414141414141414141414141414141414141414141414141414141414141414141414141414141414141414141414141414141414141414141414141414141414141414141414141414141414141414141414141414141414141414141414141414141414141414141414141414141414141414141414141414141414141414141414141414141414141414141414141414141414141414141414141414141414141414141414141414141414141414141414141414141414141414141414141414141414141414141414141414141414141414141414141414141414141414141414141414141414141414141414141414141414141414141414141414141414141414141414141414141414141414141414141414141414141414141414141414141414141414141414141482F2F5A);
INSERT INTO `medicamento` VALUES ('2', 'Medicamento 2', 'jarabe', 'mililitros', null, null, 'A', null);
INSERT INTO `medicamento` VALUES ('3', 'ibuprofeno', 'tabletas', 'UNI', 'ibuprofeno en capsulas', '30mg', 'A', null);
INSERT INTO `medicamento` VALUES ('4', 'atosyl', 'botella', 'UNI', 'jarabe para la tos', '120ml', 'A', 0x2F646174612F757365722F302F636F6D2E636F6D70616E796E616D652E70726F796563746F66696E616C2F66696C65732F323032342D30352D32325F30392D35302D3132);

-- ----------------------------
-- Table structure for paciente
-- ----------------------------
DROP TABLE IF EXISTS `paciente`;
CREATE TABLE `paciente` (
  `Id_paciente` int(11) NOT NULL AUTO_INCREMENT,
  `Nombre_paciente` varchar(100) DEFAULT NULL,
  `Apellido_paciente` varchar(100) DEFAULT NULL,
  `FechaN_paciente` date DEFAULT NULL,
  `Detalle_paciente` varchar(255) DEFAULT NULL,
  `Estado_paciente` varchar(255) DEFAULT 'A',
  `foto_paciente` varchar(255) DEFAULT NULL,
  PRIMARY KEY (`Id_paciente`)
) ENGINE=InnoDB AUTO_INCREMENT=11 DEFAULT CHARSET=utf8mb4 COLLATE=utf8mb4_general_ci;

-- ----------------------------
-- Records of paciente
-- ----------------------------
INSERT INTO `paciente` VALUES ('1', 'paciente 1', 'medico1', '1904-05-12', null, 'A', null);
INSERT INTO `paciente` VALUES ('2', 'paciente 2', 'medico2', '1990-05-15', null, 'A', null);
INSERT INTO `paciente` VALUES ('3', 'Paciente 3', 'medico 3', '1814-01-09', null, 'A', null);
INSERT INTO `paciente` VALUES ('4', 'jjjj', 'ddd', '2024-05-13', 'bbb', 'I', null);
INSERT INTO `paciente` VALUES ('5', 'javier', 'farinango', '2024-05-13', 'detalle', 'I', null);
INSERT INTO `paciente` VALUES ('6', 'prueba 2', 'prueba', '2024-05-13', 'sss', 'A', null);
INSERT INTO `paciente` VALUES ('7', 'ff', 'ss', '2024-05-21', 'ff', 'A', '/data/user/0/com.companyname.proyectofinal/files/2024-05-21_23-30-10');
INSERT INTO `paciente` VALUES ('8', 'paolo', 'ladino', '2017-05-21', 'hola', 'A', '');
INSERT INTO `paciente` VALUES ('9', 'prueba', 'prueba 1', '2024-05-21', 'hola', 'A', '/data/user/0/com.companyname.proyectofinal/files/2024-05-21_23-33-26');
INSERT INTO `paciente` VALUES ('10', 'h', 'f', '2024-05-03', 'hola', 'A', '/data/user/0/com.companyname.proyectofinal/files/2024-05-21_23-38-13');

-- ----------------------------
-- Table structure for triaje
-- ----------------------------
DROP TABLE IF EXISTS `triaje`;
CREATE TABLE `triaje` (
  `Id_triaje` int(11) NOT NULL AUTO_INCREMENT,
  `Id_paciente` int(11) DEFAULT NULL,
  `Peso` varchar(255) DEFAULT NULL,
  `Altura` varchar(255) DEFAULT NULL,
  `Nivel_insulina` varchar(255) DEFAULT NULL,
  `Presion_arterial` varchar(255) DEFAULT NULL,
  `Fecha` date DEFAULT NULL,
  PRIMARY KEY (`Id_triaje`),
  KEY `FK_TRIAJE_PACIENTE` (`Id_paciente`),
  CONSTRAINT `FK_TRIAJE_PACIENTE` FOREIGN KEY (`Id_paciente`) REFERENCES `paciente` (`Id_paciente`)
) ENGINE=InnoDB AUTO_INCREMENT=5 DEFAULT CHARSET=utf8mb4 COLLATE=utf8mb4_general_ci;

-- ----------------------------
-- Records of triaje
-- ----------------------------
INSERT INTO `triaje` VALUES ('1', '1', '23', '176', '23', '32', '2024-05-12');
INSERT INTO `triaje` VALUES ('2', '1', '23', '176', '24.3', '21', '2024-05-19');
INSERT INTO `triaje` VALUES ('3', '6', '33', '11', '12', '32', '2024-05-15');
INSERT INTO `triaje` VALUES ('4', '6', '12', '12', '12', '180', '2024-05-22');
